{"Total Data Points": 498, "Matched": 432, "Accuracy": 0.8674698795180723, "Macro Precision": 0.868707745567539, "Macro Recall": 0.8667520072226815, "Macro F1-score": 0.8659789151074594, "Micro Precision": 0.8674698795180723, "Micro Recall": 0.8674698795180723, "Micro F1-score": 0.8674698795180723, "Weighted Precision": 0.871583805228589, "Weighted Recall": 0.8674698795180723, "Weighted F1-score": 0.8676748495889043}